connection_duration,protocol_type,service,flag,packet_size,error_rate,label
0.5729378804963468,0.4581786887704114,-0.7428048439156669,-1.638335917421471,-1.1063168510099486,-0.5824302627023225,1
-1.2541756252271048,0.8816468708157916,0.2568577497652306,0.006942101345006233,-1.7222984249184148,0.7693170153835711,0
-0.350526534674377,-1.3189992555511842,1.638335917421471,-0.38875767532034905,-0.8343894354075949,1.6547103746121115,1
1.3445735578603453,-1.0621415057859536,0.6178470197055548,0.5831365129805236,-0.04677210365552132,-1.174009070114629,1
-0.4961456147183907,-0.7011522358456296,-1.4508991811063028,-0.4859470941504363,0.09309668175326555,-2.1399258852966656,1
1.2153660803239048,1.5064359918663526,1.5064359918663526,-0.5275997022204737,1.1412539604360188,0.15909041522791334,1
0.8150284348408715,-1.1662730259610472,-0.8885889721607978,1.6313938160764647,0.6321775390074778,1.5881383874359476,1
-1.112722125362267,0.4095839793553678,-1.3675939649662279,0.9649520869558664,-1.185238874226876,-0.9965247510870274,1
-0.9492991718152649,-0.19437883766017452,1.6869306268365147,-1.2426361407561157,0.5001256480329532,1.5040964046904735,0
1.7301980836688098,-1.6244517147314586,-1.5550307012813962,0.24297354707521815,0.7857214091995278,0.6051629032564257,1
0.8770257573316019,-1.2426361407561157,-1.0343731004059287,-1.2356940394111096,-0.04672404845733797,-1.2306631730896687,1
-1.3602444839114172,-1.0204888977159163,-1.339825559586203,1.5342043972463775,0.9794312481872169,0.9048479230374746,1
1.5944072419219837,0.298510357835268,1.3675939649662279,-0.4234681820453802,-0.6870577452134831,-0.8632301531252863,1
1.128723025889113,-0.7775153506406981,-0.8955310735058041,-0.5206576008754675,-0.6792041814991366,1.4593664254190657,1
-1.0455582249000948,0.13189992555511842,-0.1874367363151683,-1.5203201945563651,-1.7613775152487563,-0.008698311818791866,1
0.6491014452265342,1.6522201201114834,-0.6386733237405735,1.728583234906552,-0.9941865531840641,1.5626159726588085,1
-1.7516183249115134,0.8399942627457542,0.8399942627457542,-1.3745360663112343,-0.16182523791357517,1.9103196803427538,0
-1.1128074625723277,0.4512365874254052,-1.305115052861172,0.3332208645602992,-0.24316505757716944,0.4942728123551009,1
1.0604050513953525,0.11801572286510596,-1.4647833837963151,-1.0066046950259038,0.2445753877695138,0.04213499040460919,1
-0.1435286732776606,-0.9927204923358913,1.4994938905213464,0.923299478885829,1.0358721148343197,-0.09599275591186145,1
0.3316370549902441,-1.2009835326860783,0.03471050672503117,0.7080943371906357,1.9404444281006987,0.25932778472930523,1
-0.05769876653022275,-1.1385046205810223,-1.6799885254915083,1.5133780932113587,1.2970619573246636,-1.0425438695266465,1
-0.19423604698738894,1.0343731004059287,1.6799885254915083,1.159330924616041,1.1271930239998647,1.5373588921919334,1
-0.5035015530326229,1.3884202690012466,1.4647833837963151,0.8677626681257792,-1.1015223683563808,-0.32304151012286086,1
-1.7124609305625915,-0.5831365129805236,1.4786675864863277,0.4234681820453802,0.6458608759468957,-0.6357373884016366,1
-0.8787998399609338,-0.0833052161400748,0.5831365129805236,0.5761944116355173,1.1560048513935772,0.9301952024972501,1
1.1177292468091977,-1.1454467219260285,-0.2568577497652306,1.6244517147314586,0.7597462661291752,-1.0303945340569969,1
0.47142454485569263,0.43041028339038645,1.0551994044409474,-0.6872680331556171,0.7068957798978617,1.0973266374776156,0
-0.5728337064957354,0.7705732492956919,0.09718941883008726,-0.8816468708157916,-0.6066050636991958,-0.023905953850284357,0
0.3483313666856147,0.5553681076004987,-0.9857783909908852,0.4373523847353927,-1.9800230618395924,-1.752812152260238,1
-0.8542031734209552,-0.3401629659053054,1.4370149784162902,1.4508991811063028,0.2510699400417249,-0.7505021233072612,1
-0.7709496543091693,1.666104322801496,-0.2707419524552431,0.38875767532034905,-1.5027811881945212,-1.0770809309067622,1
1.6013570568221664,0.5623102089455049,-0.19437883766017452,0.4026418780103615,-0.9915270782061064,2.0059129707757495,1
-0.17001889359640732,-0.17355253362515582,-1.5203201945563651,0.4581786887704114,0.09934590236576978,1.9752657075893238,1
-0.06831576297252676,1.5411464985913839,1.728583234906552,-1.4925517891763402,1.1684237618050304,-1.609575320586411,0
-1.5055536264712321,-0.326278763215293,1.277346647481147,-0.24297354707521815,0.7276598155710794,-2.2165891477498576,0
-0.6474680521652139,0.4859470941504363,-1.3189992555511842,1.0274309990609225,1.0017571794165734,-1.4679595654651594,0
1.303755642468426,0.652557526430586,0.8538784654357667,-1.0343731004059287,0.5897950044371236,0.6026024990281219,1
-1.2466709299095904,-0.20132093900518075,-1.728583234906552,-0.43041028339038645,-0.5243391182747159,0.49800186335196467,0
0.030149882007124984,-1.1107362152009974,1.4231307757262779,-0.9857783909908852,-0.004444524079466127,0.3257798559289611,1
-1.3741882627986903,1.2912308501711594,1.575857005316415,-0.20132093900518075,0.532011399830652,-0.041767453024102195,1
0.20546259598073574,0.5831365129805236,-1.3814781676562404,-1.4439570797612964,0.5580969195667218,0.38897122367867365,1
0.9907530056041012,0.8608205667807729,0.6456154250855797,1.221809836721097,0.6305193423696981,0.8513454447900315,1
1.5074308206789542,-0.715036438535642,1.5411464985913839,1.187099329996066,0.024738675431362118,0.7828201542176869,1
0.6550430554604108,0.6456154250855797,-1.0829678098209723,1.4786675864863277,-0.20810851325605367,-0.5477855898587705,1
-0.2603332602574237,1.041315201750935,0.0833052161400748,-1.4647833837963151,-0.026291895486302827,-0.12006075029430374,1
-0.6233796867306921,1.2704045461361406,1.3328834582411968,1.3537097622762155,-0.19785522052479648,-1.3715118786902216,1
-0.4283713786191581,1.3953623703462528,1.6730464241465022,1.6036254106964398,1.0698854927802932,-2.0363820752899486,0
0.13716367570773164,0.3818155739753428,-1.0899099111659787,0.23603144573021193,0.433110901545907,-1.0794329444444106,1
0.7250834134910578,-1.2634624447911345,0.9649520869558664,1.1176783165460036,-0.0927497907915599,0.4586707855120665,1
-0.7635104039723493,-0.3956997766653553,-0.3540471685953179,-1.7077569308715335,-1.7388541595258875,-0.71060221563848,1
-0.818611854875426,-1.7216411335615458,-1.3467676609312091,-0.11107362152009972,-1.208603425492988,0.27699785652211234,0
-0.7813852463294487,0.3332208645602992,0.06942101345006234,0.8747047694707853,0.20525229304933637,-0.23918213373756872,1
-0.5440117027793226,0.6942101345006233,-1.6452780187664773,-0.6664417291205984,1.6535802912137647,0.07758277040704344,1
0.09971603191590868,-0.13189992555511842,-1.2981729515161655,-0.8191679587107356,1.1390067696026178,0.9072405806450695,1
-1.5062208559094679,-1.2842887488261532,1.5966833093514337,-0.3818155739753428,1.06169773555932,-0.6783497188022349,1
0.9821991130324685,1.2426361407561157,1.4092465730362653,-1.0274309990609225,-0.18416800464545335,-1.1633807256743784,1
1.3403485000201143,1.187099329996066,-1.1454467219260285,-0.53454180356548,-2.2475000637850093,0.1551550247084622,1
-0.9239969474182765,-0.006942101345006233,1.01354679637091,-0.8885889721607978,-0.24600676746111877,-0.6599994701956985,1
-1.0627488786197252,1.5133780932113587,0.5900786143255298,-1.4994938905213464,1.1527389897157525,0.29164687465829786,1
-0.9384161355730862,-0.7289206412256545,-0.27768405380024935,0.7566890466056794,1.0033474168261385,-0.3403363529074395,1
0.6050892644844177,0.2707419524552431,-1.277346647481147,1.103794113855991,0.5462130444362487,0.3224989801643412,1
0.2942821403427578,-0.805283756020723,-0.9927204923358913,-0.7775153506406981,-0.900567806172612,0.6162004008288572,1
0.2676200444582161,-0.11107362152009972,0.6594996277755921,-1.4786675864863277,0.15520296848196297,-1.2419378850052574,1
-1.455623641923152,-0.923299478885829,-1.7146990322165396,-0.506773398185455,-0.9368284301503558,-0.9959810019032223,1
0.05077765248026369,0.3123945605252805,-0.4859470941504363,-0.1249578242101122,1.4043787641859355,-1.650351713331612,1
0.5338181651095264,0.715036438535642,-1.1385046205810223,1.0066046950259038,1.9242842500229815,0.8335401830550883,1
-1.3416149624259845,1.0899099111659787,0.47206289146042385,1.4647833837963151,2.0448580767483238,-1.3899828467721929,1
0.5731346693597594,1.6591622214564898,-1.6313938160764647,0.3123945605252805,0.4047426356997976,0.6896973060772317,0
-0.9427445617752908,-1.582799106661421,0.5414839049104861,1.2912308501711594,0.09316999773228252,1.4084385199306948,0
1.5573062334080476,1.5966833093514337,-0.6039628170155423,-0.715036438535642,0.5181218518209955,-0.7949156013569211,1
-0.7892507322869444,-0.2915682564902618,-0.4928891954954426,-1.1523888232710346,1.104218951013566,0.6141294896440803,1
0.2938518997392695,0.22214724304019945,0.13884202690012468,0.805283756020723,-0.04719462207947977,1.213876053294975,1
1.7071782769789863,0.21520514169519323,0.5275997022204737,0.9024731748508104,0.7718118492721183,-0.5246973301648666,1
-1.460336549967067,0.6733838304656046,-1.5342043972463775,-1.1454467219260285,1.1708191627680138,0.03305366586738342,0
1.422109316296347,0.1249578242101122,-0.4373523847353927,-1.4231307757262779,-1.4132854733139073,0.25967634855264654,1
1.24210404392122,-1.6730464241465022,-0.3401629659053054,1.5203201945563651,0.2091181359072151,2.0291287422558937,1
-1.3684700516932786,0.923299478885829,-0.652557526430586,-0.18049463497016205,0.660668272471116,1.0371691818626956,1
0.6128072050594126,0.34710506725031165,-0.13189992555511842,1.4231307757262779,0.6360250986601591,0.6587151385492233,0
0.7495897985701806,1.159330924616041,-1.700814829526527,-1.312057154206178,-1.989679745509333,-0.49151444145928297,0
-0.18713733541582234,0.05553681076004986,-0.6317312223955672,-1.3189992555511842,-0.9771160285519231,0.4725693780711917,1
-0.8182063075922958,-0.506773398185455,-1.041315201750935,-0.6942101345006233,-0.8277419460182083,0.8562660048448003,1
-0.6437784050089551,1.2842887488261532,-0.0208263040350187,-1.575857005316415,-0.1242757822017517,0.07661737393227683,0
-1.1809285085345744,-0.4581786887704114,-0.2915682564902618,-1.041315201750935,0.04097197378478887,0.3991121262434655,1
0.7669792977660193,0.7844574519857044,0.7983416546757168,1.3259413568961906,1.4657543750510627,0.18000089338907377,1
-1.3291802345255537,-1.0760257084759661,0.506773398185455,0.208263040350187,-0.512939019212625,-1.0949968833525825,1
-0.9533312886482816,1.0760257084759661,-1.1176783165460036,-0.8747047694707853,0.8846736233379225,-0.3273664603782973,1
0.877803177918573,-0.4790049928054301,-1.3537097622762155,-0.6178470197055548,-0.601242431761326,-0.14851912769262876,1
-0.2304826812820898,0.26379985111023685,-0.4442944860803989,0.8816468708157916,0.9315881974077711,0.5782985654203842,1
0.1586541760442822,1.0829678098209723,-0.2499156484202244,1.1801572286510595,-0.47260195805446636,0.3919150166713907,1
1.3160564461179622,0.04859470941504363,-0.3609892699403241,-0.26379985111023685,-0.4989277537814529,-1.8729434814526282,1
1.375187629021221,-0.26379985111023685,-1.666104322801496,0.4512365874254052,-0.3731654434631847,0.5861829335762345,0
-1.263856199423905,-0.9094152761958165,0.8885889721607978,0.2499156484202244,-0.012138652323204357,-0.4672882551064157,1
-0.5920059817155802,1.5897412080064275,1.6522201201114834,1.7216411335615458,1.9546295307587354,-1.3804480319321815,1
1.5000050727558538,1.1385046205810223,-0.6942101345006233,0.3818155739753428,-1.038579623108101,0.6601445207195922,0
0.8197561407201481,0.7428048439156669,-0.26379985111023685,-1.4023044716912592,1.0123718257609862,1.0896430891560713,0
0.5650786621449091,-1.3675939649662279,1.430072877071284,1.1385046205810223,-2.305147453871073,0.4308589078420088,1
-0.4327961339110168,1.1176783165460036,-1.131562519236016,-1.0204888977159163,-1.2159262619081477,-0.6602783891275728,1
0.4161321432158486,0.27768405380024935,-0.7358627425706608,0.6456154250855797,1.9387367937964957,0.6541762878962032,1
-1.131256085932604,1.01354679637091,-1.5064359918663526,1.3328834582411968,-1.135006110425462,1.0886809091723506,1
0.02445085082376181,1.6175096133864524,-0.9441257829208477,-0.4095839793553678,-0.4377333717065931,-0.055453168274339715,1
-1.332813466243885,0.3748734726303366,-1.6244517147314586,-0.15272622959013712,-0.06414907457783699,0.24040237562066258,1
-1.7010708013440343,-1.3814781676562404,-1.01354679637091,-1.4370149784162902,1.1621582652007432,-1.4458049864964504,1
-0.4929431299004159,-1.6036254106964398,1.2287519380661032,1.4439570797612964,0.44739092532636127,1.1900961457172572,1
1.1665400115004363,1.4647833837963151,0.7844574519857044,-0.6386733237405735,-0.20850122957882572,1.1078995255198736,1
1.2904002014922156,-0.8261100600557417,-1.4161886743812715,0.5137154995304613,1.9158363428892606,-1.6664278628430351,0
0.7963757005169577,-0.21520514169519323,0.5206576008754675,0.9163573775408228,-0.9137736747118057,1.814603402171825,0
-0.15274518274847454,1.457841282451309,-0.07636311479506856,-0.1041315201750935,-1.036809052627256,-0.3106451661072947,0
-1.0979950528443516,0.13884202690012468,-0.9302415802308353,-0.4373523847353927,1.886790795565449,-0.4020224627356246,0
0.2224638248376086,-0.7913995533307105,-0.2846261551452556,0.7636311479506857,0.19915238402477628,-1.8528391497723784,1
-0.4028646417127398,-1.4161886743812715,-0.5414839049104861,1.3675939649662279,-0.420347862600211,-0.4706163152226211,1
1.5308034534352668,1.1523888232710346,0.3956997766653553,0.8608205667807729,-1.0946874102520217,1.599801486278529,1
1.461952069003089,-0.6039628170155423,-1.1246204178910097,0.6178470197055548,0.0545830635863329,0.19276629793663452,1
1.5625826044741353,-0.7080943371906357,1.2148677353760908,-0.5900786143255298,0.42769738172992117,1.1984030594858504,0
-1.4455117831038042,0.5900786143255298,0.9580099856108601,-0.013884202690012466,0.7880364011930872,0.6469037342664926,1
-0.40977504925806413,-0.6872680331556171,1.2912308501711594,-1.5689149039714088,-0.7779632690897444,-0.32130395866526923,1
0.8919386722254695,-1.54808859993639,-1.6591622214564898,1.5064359918663526,0.12234311350471497,1.7141222555875923,1
-0.8748507732728147,1.430072877071284,1.7146990322165396,-0.6109049183605485,0.208868543937034,-1.1072176254225266,1
-0.3460751237253329,-1.01354679637091,0.9163573775408228,-0.4651207901154176,-0.608468272097199,0.43144992122822445,1
1.0880516572527688,-0.8677626681257792,0.1249578242101122,0.15272622959013712,-0.9184896125954091,-1.5137978467394397,1
0.5621808004398681,-1.187099329996066,-1.2356940394111096,1.5550307012813962,-0.7295955251964409,0.6229465728292095,1
1.3594210068233035,-1.6313938160764647,-0.5692523102905112,-1.6799885254915083,-0.689170139120951,0.026219523211216674,0
1.3827238648877729,1.339825559586203,-0.951067884265854,1.2287519380661032,-0.5435804818509502,-2.076965850377779,1
1.025716516033063,0.7566890466056794,0.5137154995304613,1.575857005316415,0.30628193292848477,0.44511191080207146,1
-1.3209300921412204,-0.3748734726303366,-0.09024731748508102,0.1874367363151683,1.023795268715099,0.05801581731196294,1
0.6192099400057375,-0.8469363640907605,-0.9718941883008726,1.5966833093514337,-0.6803697402213048,0.08684754722412859,1
-1.3350192480637175,0.2915682564902618,0.31933666187028675,0.9441257829208477,0.3212609160915277,-0.13503799275148903,0
1.0003292826460526,1.7146990322165396,1.2426361407561157,0.8538784654357667,-0.5255667299996236,0.5330605776953923,1
0.3104145428235855,0.3609892699403241,1.339825559586203,0.833052161400748,0.10952112453123172,-0.8214498259008823,1
-0.025996317721035157,-0.1457841282451309,-1.7077569308715335,0.506773398185455,1.7921457252084279,-0.9338376213347536,1
0.9035090780461311,0.0416526080700374,-1.0760257084759661,1.666104322801496,-0.017239051864408595,-1.6917258069696255,0
1.2328834316999224,1.2981729515161655,0.11107362152009972,-0.7705732492956919,-0.7787148977523554,-0.2627815135718944,1
1.1071478622410922,-0.03471050672503117,-1.4439570797612964,-0.4026418780103615,-1.098195028240657,-0.027226760018102394,0
-0.9135945824393611,-0.7636311479506857,-0.1041315201750935,-1.0482573030959412,-1.125158631084513,1.048141478741141,1
1.0742793942859286,-0.6803259318106109,-1.0204888977159163,1.5897412080064275,1.3043442605739137,-0.042666535884009295,0
0.15042578696676892,-1.3745360663112343,-0.1249578242101122,-1.7146990322165396,-2.0105140035438906,0.3169761078316136,1
1.4875003816116426,0.0,1.1246204178910097,1.06908360713096,-0.5035549075976561,-0.6580341492503491,1
-1.3881573285957531,0.9927204923358913,0.0208263040350187,0.3401629659053054,-1.2812890316099854,-0.5973569695686088,1
-0.03163044862930021,-0.5206576008754675,-0.6803259318106109,0.06942101345006234,0.5290196432168454,1.4268038977732387,1
-1.0510406308579197,-1.4786675864863277,-0.18049463497016205,0.8885889721607978,0.5515954574623277,0.03681343447850584,1
1.160894769994691,-1.5064359918663526,0.30545245918027425,-0.208263040350187,-0.3284252435420578,0.6944507009251113,1
0.20267558884791284,0.506773398185455,-0.208263040350187,-0.04859470941504363,0.9131138929472791,-1.2564765592825866,0
-0.7947997040619784,1.1801572286510595,0.02776840538002493,1.700814829526527,-0.6204842093253272,1.2859931038472132,0
1.616986874114594,1.5550307012813962,1.3953623703462528,1.5272622959013713,-2.3915169539292105,-0.38217380591114625,0
1.116100758645296,-0.9441257829208477,-0.7775153506406981,0.47206289146042385,-0.7931339285888819,0.31915867292784494,1
-1.0147590725544204,-1.3537097622762155,1.0274309990609225,-1.3675939649662279,-1.9384027765998335,0.3985110890833688,1
-0.35902897002568773,0.013884202690012466,-1.2009835326860783,1.6591622214564898,-1.3786595239417305,0.015338410984293449,1
-1.267270166189578,0.19437883766017452,0.6803259318106109,-0.9371836815758415,-0.5472319693701567,0.28758276211354,1
-1.5089958376187456,-0.6594996277755921,1.700814829526527,0.597020715670536,0.1476163265166234,0.9171002236506783,1
-0.7305583271998822,-0.47206289146042385,0.1666104322801496,1.0829678098209723,-0.3903936597992792,0.03195605888439085,1
0.1841232025632761,0.4651207901154176,0.7289206412256545,-0.9718941883008726,-1.970125091045177,-0.05439562394747381,0
0.5245705096520618,-0.9163573775408228,-1.5133780932113587,0.21520514169519323,-1.0665246579694896,-0.28707409588578464,0
-1.3178940602749967,-1.221809836721097,-0.6594996277755921,0.8191679587107356,-1.4053365820164263,0.3562019173307222,1
-1.5642631862928698,-0.5137154995304613,1.2981729515161655,0.5900786143255298,-0.08708630516189406,0.4105816242653928,1
-1.17184454060045,1.4508991811063028,-0.8816468708157916,-0.8608205667807729,-0.783664841593969,1.3563016604744862,1
1.398833745887222,-1.3467676609312091,0.3818155739753428,1.6869306268365147,1.57789793553959,0.7114537638043069,0
1.2199712833112921,0.6594996277755921,1.1662730259610472,1.4161886743812715,-0.0793881675093587,0.5057720722767243,1
1.1511187850260043,1.4370149784162902,-1.6175096133864524,-0.951067884265854,-0.30822539039762986,-0.9051677764936711,1
-0.09716966688333877,0.2499156484202244,0.3748734726303366,-1.6452780187664773,0.12661161340980612,0.2769416041112079,1
-1.4694481582184926,0.30545245918027425,-1.5966833093514337,1.01354679637091,-0.6330433361389355,0.3776527934363735,1
0.4989181722414572,-0.34710506725031165,-0.715036438535642,1.3606518636212217,-1.4785683458857422,0.5039292824224028,0
-0.48616816549659103,-0.3679313712853304,-0.9024731748508104,0.9996625936808976,1.6307147482568414,-0.15105718367127383,1
0.8967238096281126,-0.7428048439156669,0.805283756020723,-1.6730464241465022,0.8210085999051995,0.4836864944022053,1
0.09113970864716373,-1.6869306268365147,-0.4581786887704114,-1.0968520125109849,-0.3732116294438748,-1.0842456085671786,1
-1.008723965001649,-1.249578242101122,1.4925517891763402,1.4717254851413215,0.5415300298706927,1.9654061693879228,1
0.9697381938712902,1.2148677353760908,-1.638335917421471,1.339825559586203,-0.9339653610066492,-1.7789022540013268,0
-1.4546787103985601,1.4231307757262779,-0.38875767532034905,1.2356940394111096,-0.9180276549368529,1.1282369891698512,1
-1.1839752878612142,-1.3259413568961906,-0.06942101345006234,0.0,0.6917708221391788,2.0640607033959197,0
-1.6340992936917778,1.3745360663112343,0.2707419524552431,0.6664417291205984,0.9917967541767355,-0.3856698971166247,1
0.46850798857525655,-1.312057154206178,0.17355253362515582,-1.1246204178910097,0.8664614308412915,0.616023448905224,1
1.457674572774123,0.6039628170155423,1.0829678098209723,-1.3884202690012466,1.8440728656694356,-1.3376435554931474,1
-0.12411555089176234,-1.2148677353760908,-0.20132093900518075,-1.2634624447911345,0.2510204220867649,0.8778029551491713,1
-0.2244132642601672,0.1041315201750935,0.652557526430586,0.6872680331556171,-0.2761654250205513,-1.3838132251773698,1
0.55317535740415,-0.2846261551452556,-1.2148677353760908,1.2009835326860783,-0.6183894061344287,-2.0506364956021557,1
0.039599741958640786,0.15966833093514338,-0.9649520869558664,-0.02776840538002493,-0.856965917051538,0.6594937414861705,1
1.6979249440131927,0.6872680331556171,1.457841282451309,-1.1107362152009974,-0.07691809068026877,-0.9051224287110615,1
0.18579866110973653,0.11107362152009972,-0.833052161400748,-1.4092465730362653,-1.1711281287898165,1.5452324705050497,1
-0.016598054657942746,0.9788362896458789,-0.2290893443852057,-0.34710506725031165,1.7890020150120192,0.19720533755368908,1
-1.4424491095472056,-0.53454180356548,1.5897412080064275,-0.805283756020723,0.7757683705050589,0.3903449647960175,0
0.8065949047474716,-0.6178470197055548,1.54808859993639,1.041315201750935,-1.1398139786834944,0.8127838718837029,1
0.8472144181094048,-0.6942101345006233,-0.8261100600557417,1.2634624447911345,1.8876419719774016,-1.4747691864320236,0
-0.8620343289590844,-1.2287519380661032,-0.23603144573021193,-1.3467676609312091,1.247263885696573,1.4362271959454012,1
-0.12211808055372195,-1.159330924616041,1.1176783165460036,-1.5133780932113587,-1.7988454680598442,-0.23510460375886508,1
0.10514275918504165,-0.9024731748508104,0.8122258573657293,0.8469363640907605,0.011896195317923446,-0.3942829938831678,0
0.06899202799228549,0.8677626681257792,1.693872728181521,-1.3814781676562404,0.6737911176454121,-0.04145496181097408,0
0.7547575218200551,-1.0482573030959412,0.26379985111023685,1.4925517891763402,-1.4965158070050055,-0.1709164606554828,1
0.8070018836286427,-0.4651207901154176,-1.5689149039714088,-0.1457841282451309,-0.9563601045299212,1.061806834526331,1
1.1699331502604622,0.0208263040350187,-0.805283756020723,-0.2290893443852057,-0.044277716962953476,2.2549632997933227,0
-0.9131473966034496,-0.298510357835268,-0.923299478885829,1.2426361407561157,-0.6573083534514331,-1.5874862816776942,1
0.6618667849818997,-0.04859470941504363,-0.0416526080700374,1.312057154206178,1.1046754063983475,-1.4649379453667468,1
-1.5729580807964445,-0.22214724304019945,-1.5897412080064275,0.0416526080700374,-0.055333039485684264,1.4030239777188296,1
0.4522587746776786,0.006942101345006233,-0.34710506725031165,-1.693872728181521,1.6787876224633445,0.02542293886660512,1
0.7427813557224087,1.6869306268365147,-0.9996625936808976,-0.3123945605252805,-0.01904134384426847,-0.5719585032346427,1
1.3723357285967053,-0.833052161400748,0.09024731748508102,1.0204888977159163,-1.529809167390645,0.7655777559577931,0
1.1201823179862693,1.221809836721097,0.4095839793553678,-1.728583234906552,-0.1264223238274506,-0.331565321190315,1
-0.7052832158731113,-0.7566890466056794,0.2846261551452556,-1.4161886743812715,-0.14921501999149267,2.052298577053594,0
1.7259866783855076,1.4994938905213464,-1.4092465730362653,-1.6175096133864524,0.16677666892334184,-1.0521985703991064,1
-1.660198059238843,0.0833052161400748,-0.013884202690012466,-1.5064359918663526,-0.515137725805975,0.9357786341947573,1
1.4363288977837947,0.597020715670536,0.597020715670536,1.7146990322165396,-0.21435558113216938,0.4119613766526598,1
-0.35292264570792453,0.1457841282451309,-1.4370149784162902,-1.2148677353760908,-0.07019120345521557,-0.17735479275326585,1
1.3050108536640657,-0.7705732492956919,0.43041028339038645,0.4790049928054301,-0.048825600903345874,-0.3316072129294029,1
-1.227168395496768,-0.6317312223955672,0.9441257829208477,-1.103794113855991,-0.1650910418840141,-1.7561766318386778,1
-1.7132370103357877,-0.1041315201750935,0.8469363640907605,1.1662730259610472,2.1474361964709447,0.8472064321713836,1
-1.3407548967316105,0.9371836815758415,-0.5831365129805236,-0.13189992555511842,0.18159769191763697,0.8627402623278375,1
1.4651323116758883,-0.4095839793553678,0.5761944116355173,0.2707419524552431,1.6879252156536735,-0.010578110035182131,1
-1.0895325171779575,-0.09718941883008726,-1.0482573030959412,-0.8469363640907605,0.8109051531824588,0.26390299994711713,1
1.2818242134269147,-1.4994938905213464,0.4512365874254052,0.5275997022204737,-0.3296585457169982,-0.6778246572068282,1
0.5881983524775716,-0.9718941883008726,1.2079256340310847,1.3814781676562404,-2.0028377495356176,0.8230150982083095,0
-0.6633025600439008,0.15272622959013712,0.9996625936808976,0.5414839049104861,0.117586890847863,-0.7438169847859621,1
-0.09480404190466166,-0.3609892699403241,0.13189992555511842,-0.6733838304656046,0.6160377341459269,-0.7038445750633808,1
-0.3115436730768823,-0.416526080700374,-1.582799106661421,-0.9788362896458789,-0.5963115112848575,0.12407403679378695,1
1.225047296993972,-1.5272622959013713,-1.0274309990609225,0.30545245918027425,0.4810601790773344,0.642495873901279,1
0.2404068776038139,0.24297354707521815,-0.03471050672503117,-0.9441257829208477,-1.1852640647552404,0.13678327876262167,1
0.6071635383115126,0.416526080700374,-0.4790049928054301,0.7011522358456296,-1.2699266430699376,0.04567819359686244,1
-1.1981379231719487,0.9441257829208477,0.9857783909908852,-1.610567512041446,-0.6109283128592116,0.015998086098692285,1
0.8896032225401372,-1.610567512041446,-0.11107362152009972,-0.23603144573021193,1.4589231578907067,0.1458811299252927,1
-1.5779068882639151,1.0204888977159163,0.4998312968404488,0.09024731748508102,-0.028274440248907157,-0.7623329363311536,0
-0.3797922848996998,1.3675939649662279,1.2356940394111096,-0.27768405380024935,0.8338945136079322,1.0751009239004847,1
-1.219707514062717,-1.430072877071284,1.2009835326860783,-1.5342043972463775,-1.844601644141384,-0.19944022589816437,1
-0.298708188509205,1.277346647481147,0.9371836815758415,0.2290893443852057,1.2654745602380582,1.4434021244554824,1
-0.019058643470581272,0.9163573775408228,-0.7983416546757168,1.4856096878313338,-0.9482875187057112,-1.3018997360428823,1
0.8343142322936743,1.0274309990609225,1.5619728026264024,1.0621415057859536,-1.3278331443358056,-0.20983290060965432,1
-0.36133337498374296,0.1666104322801496,0.6317312223955672,-0.22214724304019945,0.12130951902854739,-0.880273430876244,0
1.536381825345682,1.2287519380661032,-0.17355253362515582,-0.5623102089455049,-1.4435488396701752,-0.8456900709896333,1
-0.4978470585151487,-0.2707419524552431,1.187099329996066,1.0482573030959412,0.6380786335432345,0.7477704655128267,1
-0.07654987844220458,-1.194041431341072,1.159330924616041,-0.8677626681257792,1.349721605231483,0.06563169704996005,1
-1.07506823019315,-1.6522201201114834,-0.3679313712853304,-0.4790049928054301,1.5665625264568634,-0.20493188404431495,1
-0.5069189905506201,0.4790049928054301,-0.6109049183605485,0.2915682564902618,-1.1976485288754672,-0.3433665744369119,0
1.5767040272197983,-1.4647833837963151,0.2290893443852057,-0.2568577497652306,-1.7971564782592546,1.2651467209451794,1
1.1322701941232556,0.9094152761958165,-1.5411464985913839,-0.2915682564902618,-0.09023322439075097,-0.3036808691016463,1
-0.0722788523380437,-0.5484260062554924,-0.9788362896458789,0.0208263040350187,0.7138046511272297,1.4734758915304367,0
-0.12137939342301923,-0.18049463497016205,0.1874367363151683,0.1457841282451309,0.6678719832790831,-0.004290788324246269,1
-1.3588560607722004,-0.1666104322801496,0.7705732492956919,-1.0621415057859536,0.20545006629618012,0.7385330276219658,1
-0.9306114645987176,-0.7219785398806482,0.21520514169519323,0.2846261551452556,0.0609325921802586,-0.20954934533925107,1
-1.3563295940077527,-0.09024731748508102,-0.5206576008754675,1.582799106661421,-0.22704669477292974,-0.11978049386111013,1
-0.20458118296168532,0.9996625936808976,-1.4023044716912592,1.131562519236016,-0.9811391441079557,-0.20391837495212173,1
-1.0613510767674879,-1.4092465730362653,0.923299478885829,1.5689149039714088,0.7292094495622659,-0.35961026595130446,1
-1.1715191593159198,-1.4439570797612964,-1.2842887488261532,-0.31933666187028675,0.7272183465434623,-0.9593087319568023,1
-0.9227574768176839,-1.6452780187664773,0.0,-1.4508991811063028,1.2622016432050782,1.113010627110562,1
0.04418567074801127,-0.8955310735058041,1.3884202690012466,-1.1385046205810223,-0.23187741264668088,-0.6607845460401507,1
0.18602274112019646,1.3814781676562404,0.8608205667807729,-0.9580099856108601,-0.32552853601052434,1.0635728203636527,1
-0.4610798462888627,0.833052161400748,-0.3956997766653553,0.03471050672503117,1.8424376892605152,-0.9447520388417344,1
-1.4200049030375819,-1.305115052861172,0.9024731748508104,-0.652557526430586,0.8621160822615712,0.6430622308499244,1
0.16516493379206562,-1.7146990322165396,0.6664417291205984,0.8261100600557417,0.8842422907380534,1.9677507767615485,0
-0.9052774971339443,-0.02776840538002493,-1.0551994044409474,-1.1662730259610472,0.3683927459234337,0.005779181754524843,0
1.2054554867306246,0.4234681820453802,-0.0833052161400748,-0.8538784654357667,-0.9640718285082627,0.4750203317717451,1
0.9704931837611495,0.8955310735058041,0.951067884265854,0.3540471685953179,0.8268268216170647,-0.6402889752612507,1
1.4521702109907308,0.6109049183605485,0.8747047694707853,0.6942101345006233,0.8837314022344619,0.5336347026321114,1
1.2471154541235179,-0.5900786143255298,-1.2565203434461283,-0.7219785398806482,-0.238937687983978,-1.1973008995056265,1
0.7820667349362063,-0.5761944116355173,0.22214724304019945,-0.15966833093514338,-0.635296423161745,-1.7799284344213189,1
1.627922184635489,-0.4442944860803989,0.326278763215293,-0.9094152761958165,-0.9632769519235984,-0.0301718555774027,1
0.941789140231622,-1.693872728181521,1.221809836721097,1.430072877071284,0.8522674211737243,-0.09322190483415752,1
1.7328287637872455,-1.6175096133864524,-0.6456154250855797,0.27768405380024935,-0.03688291191078212,-0.17997532215748852,1
-1.3090033371262075,0.2846261551452556,-1.0621415057859536,0.0833052161400748,-2.107787575066853,-1.760703045725697,1
-1.1727661196184591,-0.9371836815758415,0.013884202690012466,1.277346647481147,-0.03871823258739389,0.3714955162800346,1
0.18319370436390808,0.8538784654357667,0.9302415802308353,0.13189992555511842,2.034866030370142,-1.6058564655417702,1
-1.0497845537200503,-0.597020715670536,0.715036438535642,-1.6591622214564898,-0.4887139931184136,0.8557784406977659,1
0.780767137217887,0.326278763215293,0.4651207901154176,0.9580099856108601,-1.7241442583752904,-1.6023057139512118,1
1.3891135303914928,1.1246204178910097,1.3814781676562404,0.17355253362515582,-1.614127538712789,1.5120334169980714,1
-1.1349930456582704,-1.5619728026264024,1.0482573030959412,0.20132093900518075,-0.024188348371963715,1.0594475944890156,0
-0.5114108668403922,1.4717254851413215,-1.4786675864863277,0.3748734726303366,-0.051900561531257265,-0.02584795835472135,1
0.8481306757727437,1.305115052861172,0.3679313712853304,-0.833052161400748,-0.5934278682036425,0.6950345077743667,1
-1.2646437040478098,-0.6386733237405735,1.1523888232710346,0.7219785398806482,-0.4457995269208232,-0.6524537169494572,1
-0.3124833635559627,-1.5897412080064275,0.5484260062554924,-0.923299478885829,0.023783231809526077,-1.5971091769684043,1
-1.5397434000594015,-0.2290893443852057,1.666104322801496,-1.131562519236016,0.7871544316183253,-0.026219995825286835,1
-0.4480794067098235,-1.339825559586203,-0.5623102089455049,0.326278763215293,0.29952303566748817,1.0527927269164232,1
0.4864204191101918,-0.8122258573657293,-0.1666104322801496,0.5206576008754675,0.6677542903204668,0.5557208943598483,0
1.0629757929479982,-1.4023044716912592,-1.194041431341072,1.7077569308715335,-2.053075982993589,0.15236768693072578,1
-0.33756094228667993,1.2356940394111096,1.0343731004059287,-0.09718941883008726,1.6681923281652737,-1.4808612005109199,1
-1.7284621288288022,-1.5550307012813962,0.6039628170155423,0.7428048439156669,-0.30240378151312614,0.6018567846497395,1
-0.8700426395172478,1.5203201945563651,-0.47206289146042385,1.3953623703462528,0.9422622622873154,1.7411717275614955,1
1.0294419426652424,-0.24297354707521815,0.8955310735058041,-1.6036254106964398,1.1139163284262887,-1.4145524066447732,1
1.121213501546987,1.3328834582411968,0.416526080700374,1.4994938905213464,1.7270221802194803,1.6654497042131564,1
-1.6057518961513175,-0.8747047694707853,-0.6664417291205984,-1.5619728026264024,-1.0108261316049183,-0.04107807839346373,1
1.5604024901596694,-0.15272622959013712,0.3540471685953179,-0.7289206412256545,0.14602138470061607,1.649344104719322,1
1.6153413220003827,-1.1732151273060534,0.4581786887704114,-1.1732151273060534,0.17926889029577864,1.3459246415153812,1
-1.385925606917756,-0.4512365874254052,-1.103794113855991,1.4023044716912592,0.6849159098244523,-1.7534543175859085,0
0.9263768071235573,-0.5275997022204737,-0.8191679587107356,-0.597020715670536,0.787007624029117,0.8947757171356016,1
0.19735592067033766,0.1874367363151683,1.3189992555511842,1.1107362152009974,1.1424364876385975,-0.46804475433685583,1
1.5507775841764528,0.4442944860803989,1.2704045461361406,-0.11801572286510596,-1.0581742612634932,-0.1102420358272062,1
-1.1544345416190032,0.9302415802308353,1.4717254851413215,0.8122258573657293,0.830962998486758,-0.5253625798649887,1
0.46947853522967675,0.208263040350187,1.5203201945563651,-1.2704045461361406,-1.2852537372556272,-0.06997590732139655,1
-1.3645407166162091,1.5342043972463775,-0.8399942627457542,0.11801572286510596,0.1766717167132211,-1.4238170137788548,1
-1.5359349442325403,-0.4026418780103615,-1.1107362152009974,1.2148677353760908,0.9323604928415108,1.5475289353171895,1
-0.3097762221353213,-0.9996625936808976,-0.9580099856108601,0.416526080700374,-1.0252752054082408,0.5562666348236026,1
0.4222354926030484,0.47206289146042385,-0.4234681820453802,-0.6803259318106109,-0.3849272072565105,-0.2535863492068792,1
-1.1493153739846398,1.312057154206178,-0.006942101345006233,-0.6039628170155423,-1.874116713809311,0.9532268155168009,1
0.7530561548407531,-1.0066046950259038,0.9788362896458789,-1.4856096878313338,1.503472386509451,0.6567427857405935,1
-0.3657819995541606,-1.638335917421471,0.6386733237405735,-0.7011522358456296,-0.24798119555447343,0.11530740685339283,1
-0.5575085751668877,1.4023044716912592,-1.2079256340310847,0.9371836815758415,-0.005030502436931211,1.5858669458761048,1
1.2154664981972325,0.5484260062554924,1.1107362152009974,1.5619728026264024,-0.0402249925000254,1.5039129598966292,1
1.6347059167043902,1.693872728181521,-0.3123945605252805,-0.7844574519857044,0.6168545897174909,-1.2751498468971718,1
0.8281349244094344,-1.4370149784162902,-0.7636311479506857,-1.2565203434461283,-0.265599368294894,-0.5789098444439278,1
-1.050394211966818,0.06942101345006234,-0.7497469452606732,0.11107362152009972,1.4127494764007138,0.193560317073491,1
-0.5928920047266314,1.2565203434461283,0.04859470941504363,-0.21520514169519323,-0.13645049502907802,-0.026336712778116694,1
1.6947657912237308,-0.11801572286510596,0.24297354707521815,1.4092465730362653,-0.15632791693749343,0.28125987434606214,1
-0.5235757978690159,1.6036254106964398,-1.457841282451309,0.7913995533307105,1.0563202351880743,-0.9655391849082782,1
-0.14983712527201895,-1.6799885254915083,-0.624789121050561,0.715036438535642,-0.5772831155610225,1.956071563024338,1
-0.4517737292557826,-1.666104322801496,-0.5275997022204737,-0.0416526080700374,-0.07225829204687942,0.8811790630040078,1
-1.3445316025072818,0.9649520869558664,0.4442944860803989,-0.2846261551452556,1.1959741910540198,0.20170963525750982,1
1.6688047454082209,0.6803259318106109,-0.7566890466056794,0.8399942627457542,-0.045298460255228094,-0.8739202971134433,1
1.1361536901293892,1.5689149039714088,1.1801572286510595,0.3956997766653553,0.6442485416266427,0.03360416494124297,1
1.3153319981502145,0.3540471685953179,-0.326278763215293,0.9094152761958165,-0.6684684349513348,-0.5239697693724896,1
-0.02207685717874685,1.4925517891763402,-1.3328834582411968,-0.1874367363151683,0.6442593529799021,-2.062976509851331,1
0.3165023192174596,-0.13884202690012468,0.006942101345006233,-0.3956997766653553,-1.5676362207178296,0.5216232370979133,1
1.004860978311583,1.6452780187664773,0.833052161400748,1.0899099111659787,-0.684214251418611,-0.14620954239179898,0
-1.2728968283461117,1.610567512041446,1.5689149039714088,-1.194041431341072,-0.37133603152106454,-1.0807990423405949,1
-0.4050335371869472,-0.3332208645602992,-0.506773398185455,1.2704045461361406,-0.03608101007916347,-0.95927130687324,1
1.1758500776490883,-0.9788362896458789,-1.2287519380661032,-1.54808859993639,-0.29742041004109443,-0.7533844985388287,1
-0.4074655394308964,0.02776840538002493,0.2915682564902618,-1.0899099111659787,1.814585927097527,0.5626981571432125,1
1.0950350867732979,0.7636311479506857,0.208263040350187,-1.187099329996066,0.33523295555452765,-1.6201012862876036,1
-0.8399548237962859,-1.1523888232710346,-0.8538784654357667,-0.13884202690012468,0.18804142907321852,0.7450184592298329,0
-0.82369065144503,1.3606518636212217,1.131562519236016,0.6733838304656046,1.5477048592881157,-2.2085827775146956,1
-0.1003499863735941,0.2290893443852057,0.9094152761958165,-0.7497469452606732,-0.06751521914691559,0.13883393279122055,1
0.0626936809850758,0.624789121050561,0.18049463497016205,-0.7428048439156669,1.6824649277651078,-1.5001210448375473,1
1.3212146754286325,-0.05553681076004986,-0.8469363640907605,-0.624789121050561,-1.1042597934673288,1.7668844168733582,1
-0.7040179765077786,-0.8816468708157916,-0.5484260062554924,1.4370149784162902,-1.6595637022504817,-2.0082248627642874,0
1.6371992995872777,-1.4717254851413215,1.4508991811063028,-0.8399942627457542,-0.8358014975003016,-0.21775024216557076,1
-0.7234009480422501,0.8191679587107356,0.2499156484202244,-0.0624789121050561,1.4505228593501847,-0.6184222984422334,1
-0.42987107184319484,-1.06908360713096,-1.312057154206178,0.26379985111023685,-1.139358519378371,-0.06339583751382424,1
1.3669150629231805,-0.4234681820453802,1.2634624447911345,1.2565203434461283,0.37953141547422514,2.2277939941890756,0
-0.5402512299287564,1.4092465730362653,1.194041431341072,-0.3540471685953179,1.729226747876004,0.8806720676577672,1
-1.2820398095448529,-0.2499156484202244,0.9927204923358913,0.3679313712853304,-1.122503474124415,0.4985942167348375,1
-0.8243181278498557,1.194041431341072,1.3259413568961906,0.7775153506406981,-0.7228733749950486,-0.7822352579007371,1
-0.1469888527264413,-1.700814829526527,1.3745360663112343,-1.5272622959013713,0.6600009844072068,-0.8571940970073768,0
-0.04881514201269605,-0.951067884265854,-1.7216411335615458,-0.17355253362515582,0.2046025003593594,-0.806341079116205,1
-1.14085987060716,-0.9857783909908852,0.7913995533307105,-1.5897412080064275,2.205749359174789,1.345262842868103,1
-0.028352804914166762,0.38875767532034905,-0.298510357835268,-0.9302415802308353,-0.08116583348962776,-0.5829159952710578,0
-1.074609703307391,1.249578242101122,1.3606518636212217,0.34710506725031165,-0.6881078465109762,-0.11350175361852806,1
0.45769356428797475,1.6313938160764647,1.0899099111659787,0.7844574519857044,-0.17394850586106253,-0.3948581194505379,1
1.017488731020089,0.09024731748508102,1.249578242101122,1.2079256340310847,-0.6800801495057864,-0.5582827368981377,1
-0.6052518705246198,0.2568577497652306,-1.187099329996066,-0.3332208645602992,0.6451785488364706,0.9349881359802175,1
1.5931767310301066,1.5272622959013713,0.7428048439156669,1.5411464985913839,0.3158959633131462,-1.8684669718359224,0
0.17995645615545183,0.7219785398806482,0.38875767532034905,0.07636311479506856,1.7655748286512767,0.24872725582489028,1
1.1182404215858444,0.20132093900518075,0.7011522358456296,1.1454467219260285,-1.0038873252964757,-0.13881706030888893,1
0.21518925366764988,1.3189992555511842,-0.21520514169519323,1.1732151273060534,-0.0860893097133413,1.2813025491033039,0
1.4717416646282742,0.951067884265854,-0.6178470197055548,-1.0829678098209723,-1.0400019621334946,-0.9856142537564885,1
-1.5178271599239361,0.3956997766653553,1.6036254106964398,0.6039628170155423,0.5092886400000392,-1.7745774035594215,0
-0.9516426733666531,-1.277346647481147,-1.221809836721097,-0.5414839049104861,0.12222898334991067,0.9898833398786573,1
-1.15487047369763,1.1732151273060534,1.5550307012813962,0.6594996277755921,0.13103549421440722,-0.1081118079561138,1
-0.7420671114541301,-1.5966833093514337,0.0624789121050561,-0.8955310735058041,0.7114311739527769,-0.6432029065407397,1
0.5518723203588297,1.7216411335615458,1.7077569308715335,-0.4998312968404488,-1.1038016444962286,1.0238113016606858,1
0.01722827459631576,1.6244517147314586,1.0760257084759661,-0.7566890466056794,-0.08037277092408797,-1.1094102517227136,1
-1.3978404272934895,0.6664417291205984,1.3537097622762155,1.6452780187664773,0.01368709134361722,-2.0044949084549657,1
-1.6809664580317525,1.6799885254915083,0.05553681076004986,1.2842887488261532,0.8394992656640444,0.14142529418625854,1
0.3117752348612348,-0.6664417291205984,-0.5900786143255298,0.6386733237405735,-1.0059249254140492,-0.5830346660737624,1
-1.6920622087926258,1.1107362152009974,0.1041315201750935,0.4095839793553678,0.9504499015845005,-1.1596389484522736,1
0.6533762493528427,-1.3953623703462528,-1.3606518636212217,-1.2912308501711594,0.4533793486997918,-0.4261721395214091,1
1.2467914869785162,1.103794113855991,0.3609892699403241,-1.3328834582411968,0.26843402214489687,-0.9367234576005189,1
-0.6082583590956584,-1.4508991811063028,-0.0624789121050561,0.298510357835268,-2.214369817088562,-1.1459214650503604,0
-1.4346572216958335,1.0621415057859536,-0.22214724304019945,-1.6522201201114834,-0.22712580407166735,-0.12469846125940297,1
-1.364228362873853,1.4856096878313338,0.3332208645602992,0.8955310735058041,0.4811953398106996,-0.3111881716802914,1
-1.4721191221091245,1.2079256340310847,-0.7011522358456296,-1.7216411335615458,-1.8521483626318893,0.6030434802000969,1
-0.1126775888401193,-0.7983416546757168,-0.8608205667807729,-0.3609892699403241,-0.46639311003079803,0.33170878467906095,1
-0.7255099643096109,0.0624789121050561,0.7566890466056794,-0.9996625936808976,-1.280414345710905,0.9014665350468314,1
0.6547040146355467,0.3401629659053054,-0.7705732492956919,-0.7358627425706608,0.4270198794587444,0.7153223890526692,0
0.55917967512393,-0.27768405380024935,-1.3953623703462528,-1.2079256340310847,-0.6688949452209735,-0.012318773179611955,1
-1.7187798157641372,0.03471050672503117,-0.24297354707521815,-0.2499156484202244,1.1295321577527784,-0.03840735026901018,1
-0.8370978708781956,0.09718941883008726,1.1385046205810223,0.1249578242101122,-1.3756512479615144,-0.0356979743452358,0
0.8257503604361843,-1.3328834582411968,0.6733838304656046,1.2981729515161655,1.093610062862639,-1.5709396760585022,1
0.3304645971447859,1.131562519236016,-1.6036254106964398,0.9718941883008726,0.09653282538119225,-0.7970387998600713,1
0.9666428938461644,-1.5689149039714088,-0.6733838304656046,0.6109049183605485,-0.5204880585436417,-0.49502258514866565,1
-1.5355301581405636,-1.0274309990609225,1.610567512041446,-1.0551994044409474,-2.148304239172411,0.0916828191117363,1
0.48565823282139914,-1.7077569308715335,-0.5137154995304613,-1.5550307012813962,0.5149195209567872,1.8547243743543984,1
-0.46260563300597585,-0.624789121050561,1.0066046950259038,-1.159330924616041,0.1481091074461908,-0.49462143955703397,1
1.4953040155503572,0.7983416546757168,1.305115052861172,-1.700814829526527,0.36810130857157297,-0.5940757494473057,1
0.9614994937961785,-0.9580099856108601,1.06908360713096,0.09718941883008726,-1.189958103940481,-1.1392051447818823,1
0.8666890573106407,-1.041315201750935,0.6872680331556171,-0.5831365129805236,-0.9717984660822813,-0.28629902634784543,1
0.03792168209378848,-1.3884202690012466,-1.4231307757262779,-0.7983416546757168,-1.3953489439807076,1.3386425107773414,0
1.6079242020742568,0.9580099856108601,0.20132093900518075,-1.666104322801496,-0.3352628837853432,1.4786555799891605,1
-0.7362599038343964,0.4026418780103615,1.2565203434461283,-0.6594996277755921,0.3123778601434317,-0.731328088673495,1
-0.1277267394919629,0.9718941883008726,1.6313938160764647,0.2568577497652306,-0.5606629167856951,1.0855684936951882,1
-0.5810685028474084,-0.8885889721607978,-1.5619728026264024,-1.3537097622762155,-0.28165169628678133,-0.4126257365121498,1
1.371826627891367,1.0551994044409474,-0.3332208645602992,0.05553681076004986,-0.14583062483443351,0.48837224561992054,1
0.7513817996722952,-1.728583234906552,-1.5272622959013713,1.1246204178910097,-1.1360409518829635,-0.5228104002716645,1
0.8554386625360041,-0.43041028339038645,-1.1801572286510595,1.3884202690012466,-1.2482724358461394,-0.27531778617699515,0
-0.7863567289132095,-1.575857005316415,0.298510357835268,0.31933666187028675,2.220109939956657,-1.7751933279077121,1
0.49259483861087616,1.1662730259610472,-0.15272622959013712,1.1523888232710346,0.00419501924608027,0.30819006166404245,1
1.1448810644499845,-1.103794113855991,-1.2912308501711594,-0.4581786887704114,-1.6703398213871194,1.0150534029089424,1
0.9093521838596711,1.4439570797612964,-1.4994938905213464,-1.339825559586203,-0.5818272058680597,1.0878774551614472,1
-0.516181384484503,-0.3818155739753428,1.4023044716912592,0.5692523102905112,0.02058318164156207,0.24303039103973323,1
0.806371631320298,0.8747047694707853,-1.4717254851413215,0.7983416546757168,-0.4350593519584234,0.36200662065509975,1
-1.302910696790696,1.3467676609312091,-1.693872728181521,0.4442944860803989,1.2507513813707176,0.21210647468859334,1
1.5171934429020233,1.0968520125109849,0.4373523847353927,0.02776840538002493,-0.30236795526267674,-0.2678615931170541,0
-1.7136145681313626,-0.8608205667807729,-0.53454180356548,0.652557526430586,-0.4117237622728797,-0.2746834487275175,1
-1.0251793813926855,-0.7497469452606732,0.0416526080700374,1.3467676609312091,-0.7329581019436736,-0.3254600418931083,1
1.4079562307920575,0.4373523847353927,-0.5553681076004987,1.249578242101122,-0.1697510362207112,-0.6138994528889583,1
-0.7032469806534796,0.07636311479506856,-0.8747047694707853,-0.6456154250855797,0.4906264428007414,-1.1444941115900154,1
-0.3554002949791702,-0.7358627425706608,1.0621415057859536,-0.5137154995304613,0.5648749505896012,-0.08427743462970184,1
-1.2502297709053216,0.7358627425706608,0.19437883766017452,-0.06942101345006234,2.16735791757944,-1.4235507786514712,0
-0.40171726825832393,-0.652557526430586,0.15272622959013712,-0.7080943371906357,1.0533648593174236,0.3937866626176116,1
1.3346442627082649,0.5137154995304613,0.07636311479506856,-1.3606518636212217,1.973128237916325,-0.7940096613074134,1
-0.5498264559682436,1.1454467219260285,0.23603144573021193,0.5484260062554924,-0.3650865625159002,0.7624294974415399,1
-1.5101699924316379,0.31933666187028675,-0.09718941883008726,-1.6244517147314586,0.16851954487708715,1.6681468130539334,1
0.07149856062693624,-0.5692523102905112,0.7497469452606732,-0.4442944860803989,-1.0439999222873977,0.40091568937998434,1
-0.44608629750825485,-1.5342043972463775,1.0204888977159163,1.0343731004059287,0.065864340632261,-0.9208036934346039,1
0.6205151523817399,-1.457841282451309,-0.9163573775408228,-0.4512365874254052,-0.32150753053759507,0.6315756347700847,1
-0.5505763619392051,0.53454180356548,-0.05553681076004986,0.5553681076004987,-1.4289615742412303,1.94826306562897,1
-0.6540811831397471,-0.5553681076004987,0.53454180356548,-0.03471050672503117,0.8497051354693443,-0.7549324841377689,1
-1.4423196337253457,-0.06942101345006234,0.3401629659053054,0.5623102089455049,0.2852364006278468,-0.4288504385022118,1
0.765739778281591,1.0066046950259038,1.5272622959013713,-0.47206289146042385,-1.9938984037963012,0.22132310145817757,1
-1.6344738975070046,-0.3540471685953179,-1.1523888232710346,-1.5966833093514337,-0.19285393718204857,-1.7036264944561068,0
1.6608459786173877,-0.07636311479506856,-0.7289206412256545,-0.2707419524552431,-1.4388008666604608,1.0992231569558375,1
1.3376493580899904,0.23603144573021193,-1.4856096878313338,0.18049463497016205,-1.3728933618188126,0.7903293233093674,0
-1.5894447549086128,-1.5133780932113587,0.34710506725031165,-1.06908360713096,-0.5056580532693122,-1.364499716105637,1
-0.9427006536158589,-0.4859470941504363,-1.2634624447911345,1.0551994044409474,-0.25938167096908005,0.8848798018927175,1
-0.19832487954475145,0.8469363640907605,-1.575857005316415,-1.6869306268365147,-0.1908392970769309,0.6884314184711381,1
-0.1375197953943646,-1.6591622214564898,-1.3259413568961906,-1.2981729515161655,-0.5993128799419079,-0.8443573632150085,1
-0.22711642164821133,0.6386733237405735,-1.1662730259610472,1.54808859993639,1.0614156969842767,-0.44074609538671583,1
0.9970814266452819,-1.0899099111659787,-0.3818155739753428,0.4651207901154176,-0.5333062739559036,-0.8507616064965132,1
-1.1391740975713984,-1.131562519236016,-1.2426361407561157,-0.9927204923358913,-0.698503739210319,1.59137183430583,0
1.1768845015097629,0.4928891954954426,-1.06908360713096,-0.7913995533307105,-0.24294684838873903,-2.0261778435348834,1
0.498768664522129,-0.4998312968404488,-0.7913995533307105,-0.298510357835268,1.3802983528002764,0.9668402433123301,1
1.6324690587319575,-0.1874367363151683,1.6244517147314586,-1.4717254851413215,1.845266811407332,0.8787470963324469,1
0.8391724021466295,-1.4856096878313338,-0.416526080700374,0.013884202690012466,-0.0261743329965582,-1.0400574994898488,1
-0.23889232463841859,-0.30545245918027425,0.5553681076004987,-0.6317312223955672,-0.7473105008218565,-0.5361453682775636,1
0.9399244872747717,-1.2912308501711594,0.11801572286510596,-1.1801572286510595,-0.5467043256525791,-1.0419653802432713,1
-1.4418989394366,-0.5414839049104861,-0.4998312968404488,-0.0833052161400748,1.664715832020645,-0.36256549008869404,1
-0.03627237036059118,0.7289206412256545,0.8261100600557417,-0.1666104322801496,0.5163222745972795,-1.6377368525426397,0
-0.7664783895394869,-1.0343731004059287,0.4859470941504363,0.7705732492956919,1.0919372662562785,-0.1673004310154522,0
0.41405084059154246,0.7080943371906357,-0.8677626681257792,-0.5692523102905112,0.49075848733527805,0.6995964428018386,1
1.069523548775888,1.4161886743812715,0.3123945605252805,-1.3259413568961906,-0.3868614484282708,0.44752972890556975,1
0.29961906102257946,1.7077569308715335,-0.6872680331556171,-0.5761944116355173,0.0013572334643583818,-0.9930609395775727,1
1.149429659955805,1.4786675864863277,1.2842887488261532,1.6799885254915083,-0.29743215725760863,0.4959591669571486,1
-0.1404016162179397,-1.0968520125109849,-0.9371836815758415,-0.8261100600557417,1.474675357296644,-1.2837874553716646,1
-0.9384054649301261,-0.6109049183605485,0.7636311479506857,1.0760257084759661,-1.5993586756681117,0.23984775923863685,0
-0.9472991211090483,-0.208263040350187,0.8677626681257792,0.15966833093514338,0.2677414808272038,0.9393443054129074,1
0.35400512841770115,-0.013884202690012466,-1.54808859993639,0.6317312223955672,-0.5648664005392424,1.1429826043462932,1
1.5905858772708346,-1.5203201945563651,0.4026418780103615,-0.5484260062554924,1.9093093866654731,0.6641290444498269,1
-0.4638662458654439,-0.23603144573021193,1.041315201750935,1.3745360663112343,1.2798212636481747,0.45065669719559637,1
0.3840471050677269,0.5275997022204737,-0.11801572286510596,0.9302415802308353,-1.6813685533501286,-2.0136465067089055,1
1.0564393607114433,-0.1249578242101122,0.5692523102905112,-0.3679313712853304,0.865747695858948,0.2484255719218642,1
-1.0678828405977474,0.9024731748508104,-0.04859470941504363,-0.3401629659053054,-0.6861097659165364,0.7130142735060876,1
-0.09747255462011083,-0.6733838304656046,-1.430072877071284,0.0624789121050561,1.312132341459597,1.5517384512236743,1
1.2054320539148837,-0.5623102089455049,0.7080943371906357,0.1666104322801496,-0.437507861279364,-1.5535788590250703,1
0.1859856801894442,-0.0208263040350187,-0.02776840538002493,0.7358627425706608,0.02826405224069051,-1.1842878376241959,0
0.3137710571156767,1.54808859993639,0.624789121050561,1.6175096133864524,-0.2229229776805137,0.3840655458214224,1
-0.7393541214317352,1.728583234906552,-0.4512365874254052,-1.2287519380661032,-0.1607382866867907,-1.0295595564375695,1
-0.27767572272835545,1.0482573030959412,-0.4095839793553678,-1.305115052861172,-0.06614562718106426,-0.9752420732583134,1
-0.050877718636284174,-0.15966833093514338,1.4161886743812715,-0.3748734726303366,1.5398879698718866,2.148081236213516,1
0.09166738171830868,0.8885889721607978,0.1457841282451309,0.04859470941504363,-1.062902237409556,0.3826530670725793,1
-1.49772311340637,-1.2079256340310847,-1.0968520125109849,1.693872728181521,-1.006152987511333,1.0587013286408729,1
0.45627591559850406,-0.8538784654357667,1.5133780932113587,-0.9024731748508104,0.42681542470024314,0.2455371879157121,1
-1.2976526606546421,1.2009835326860783,-1.0066046950259038,-1.582799106661421,0.17461363298274207,1.6797851606360898,1
0.9633636893399958,-1.0829678098209723,-0.43041028339038645,0.22214724304019945,-0.9316978546644665,-0.23262028239479735,1
-0.4516629899097485,1.2634624447911345,1.312057154206178,-0.9163573775408228,-0.2488333755731329,0.22287727050538225,1
-0.16848118969852774,0.17355253362515582,1.103794113855991,-1.249578242101122,-1.344322676026802,1.020759223463196,0
-0.9789869431762986,1.6730464241465022,-1.4925517891763402,1.0968520125109849,-0.7743749134504884,1.571336987815397,1
-0.4628663933516111,-0.6456154250855797,1.5342043972463775,-0.8122258573657293,-0.33711185853121395,1.5805454972495478,1
-1.1963330411791662,0.805283756020723,-0.1457841282451309,0.7497469452606732,0.09973308128853166,1.4721553310625717,1
-1.4966114356270135,1.582799106661421,0.7775153506406981,-1.430072877071284,-0.5058515862778162,-1.5323032704524167,1
0.683607242336429,-0.4928891954954426,-0.13884202690012468,-1.457841282451309,1.268237680189741,1.0179355061486373,0
-1.269119577864844,0.7011522358456296,-0.4026418780103615,1.457841282451309,-0.5853921448538075,-0.36320204339856654,1
0.11130748222777453,0.8261100600557417,0.8816468708157916,-1.2009835326860783,-0.30431008478315963,-0.34820391246461785,1
-0.09064828737643096,-1.2704045461361406,-1.159330924616041,-0.9649520869558664,0.7129132827756495,0.3989728514325613,1
0.8947119534756105,0.5761944116355173,-0.15966833093514338,-0.09024731748508102,-0.6333771382389466,0.7458591786226484,1
0.5371243849182417,-0.4373523847353927,1.1732151273060534,-0.5553681076004987,0.46941196083790526,-0.8364382898943242,1
-1.0942720529454373,-0.31933666187028675,1.582799106661421,-0.7636311479506857,-0.9560212367250528,0.0735735577998409,1
0.5015039176399145,0.5692523102905112,1.3467676609312091,-1.1176783165460036,0.8208773457109448,-0.6670386872379431,0
-0.6887002685385294,-1.4231307757262779,-0.5761944116355173,-1.01354679637091,0.359292587263303,-0.07542954649347373,1
1.635221903047136,1.575857005316415,1.6175096133864524,-1.221809836721097,0.33749437753104455,0.5604750502859039,1
-1.2364037811115094,-0.7844574519857044,-1.3884202690012466,0.624789121050561,-0.5505089259201353,0.9255737686237682,1
0.7185830086413038,-1.1176783165460036,-0.3748734726303366,0.9857783909908852,0.5416683896004383,-0.6558980698109842,1
1.6875822661974844,-1.1246204178910097,0.6109049183605485,0.43041028339038645,-0.14699047303443463,0.35619623794079097,1
1.6080734025237613,-0.2568577497652306,-0.9094152761958165,-0.07636311479506856,1.4524692366360585,-0.7240143669527977,1
0.9387560832959617,1.5619728026264024,1.4856096878313338,-1.6313938160764647,0.22817469534428644,0.25846737711744017,1
-1.4539396147386603,0.18049463497016205,0.27768405380024935,1.6730464241465022,-1.6812577150253256,-0.23114950006698218,1
1.4042407624955207,-0.8399942627457542,0.4234681820453802,0.951067884265854,-0.19978327446120364,1.000911063211036,1
-1.236926433114403,-0.3123945605252805,1.7216411335615458,1.3189992555511842,0.2531923925974215,-1.3558529322722785,1
-0.38533391013259116,-1.3606518636212217,0.7219785398806482,-0.19437883766017452,0.887189793314082,-0.002211295671115581,1
0.5801316781114637,0.5206576008754675,0.8191679587107356,-0.0208263040350187,1.7483078555331464,-0.37109969673543314,1
1.5282697763050757,-1.2981729515161655,-0.31933666187028675,0.1041315201750935,0.3512517329741745,-1.240181057059433,0
-0.8960107944391276,0.7775153506406981,-1.249578242101122,0.4998312968404488,-1.7133257619454183,-1.4993729898318555,1
-1.7036055190015822,-1.2356940394111096,0.4790049928054301,-1.0760257084759661,1.2613632928868517,1.3819934613095852,0
-0.7094833359738065,0.5414839049104861,-1.610567512041446,1.305115052861172,0.5643952466554357,1.2651683954535018,0
0.8564292096625693,0.6317312223955672,0.7358627425706608,1.194041431341072,0.4426132756662989,1.035557475305371,1
-1.0582943146632884,-0.9302415802308353,1.4439570797612964,-0.006942101345006233,-0.08354627820364899,-1.756095326231416,1
0.7299030349479791,-1.5411464985913839,-1.2704045461361406,0.4928891954954426,1.6452027193471397,0.5836620455249738,1
-0.3055679873179247,1.700814829526527,-0.597020715670536,0.6803259318106109,0.2803923448209503,0.09403131172706816,0
-0.7833059550788649,0.9857783909908852,-0.30545245918027425,0.7289206412256545,0.4417451031747518,-0.2732430696013369,1
-0.3841437982390942,-0.9649520869558664,-1.6730464241465022,1.610567512041446,1.162624156997594,-1.7540827760183924,1
-0.7660210568159963,1.3259413568961906,0.9718941883008726,0.3609892699403241,1.3738680564475283,-1.8804858659921881,1
0.1879918762921305,1.3537097622762155,1.1454467219260285,0.4859470941504363,-0.48282153210936013,-1.4849859447852678,1
-1.1067663423077838,1.638335917421471,-0.7844574519857044,0.19437883766017452,-1.913741048609867,-0.928540152909092,1
0.07683385766507726,-0.0416526080700374,1.0968520125109849,-0.30545245918027425,2.16673792699065,1.2164595244303626,1
-0.4027451032763067,0.7497469452606732,-0.7219785398806482,1.6522201201114834,0.3250756678409328,-1.2436544831072902,1
0.12631435185356993,0.6178470197055548,-1.3745360663112343,-0.05553681076004986,1.0755235746151695,0.7387305486190626,1
1.5956036458634564,-1.1801572286510595,-0.7080943371906357,1.638335917421471,-1.9913282673784498,0.09562368939405562,0
0.4289096759964811,-1.2565203434461283,0.15966833093514338,0.53454180356548,-1.3353797549385895,-0.9638275799781489,1
-0.3223467423475058,-0.8191679587107356,-0.4651207901154176,0.9927204923358913,-0.17287540691586206,-0.0606920311850967,1
-1.3439424510295273,0.8122258573657293,-1.6522201201114834,-1.3953623703462528,-0.7623724697145458,-0.034217879414949956,1
0.5705213045942161,-0.0624789121050561,0.6942101345006233,0.9788362896458789,1.7029387404505807,1.209985017413497,1
-0.4262617443204476,0.4998312968404488,1.6591622214564898,-1.5411464985913839,0.39132167166198395,-2.3316280155285303,1
0.9891536312559723,1.06908360713096,1.6452780187664773,-1.2842887488261532,1.2541434440830237,-0.006574709070839653,1
1.6535696895297796,0.7913995533307105,-1.6869306268365147,-0.416526080700374,0.9229296231900284,0.7472867092520119,1
0.4204640052533519,-1.0551994044409474,-1.1732151273060534,-0.4928891954954426,0.4771320222789712,1.0945328193063584,1
0.9168596865060269,-0.38875767532034905,0.4928891954954426,-0.326278763215293,-0.693871233661347,0.7679378494008015,1
0.3347912355952904,0.3679313712853304,-0.8122258573657293,-1.277346647481147,-2.0025636670527502,-0.2699624234078394,1
1.704284406289948,-1.4925517891763402,0.5623102089455049,0.13884202690012468,-0.3810747399670283,1.7146992326959682,1
